<?xml version="1.0" encoding="ISO-8859-1"?>
<model version="2.1">
  <id>ee477ce7-d159-4b93-ad36-868698769bed</id>
  <name>Use Case #3</name>
  <changecounter>18</changecounter>
  <sib>
    <id>0fe4f8ff-6241-4fa6-ac63-cf842726920f</id>
    <name>Load_MSData_ThermoRAW</name>
    <label>Load_MSData_ThermoRAW</label>
    <sib-uid>biotoolsCompose/demo-sibs/Load_MSData_ThermoRAW</sib-uid>
    <taxonomy>biotools.biotoolsCompose.poc.sib.Load_MSData_ThermoRAW</taxonomy>
    <position>59.5,33.0</position>
    <parameter name="contextKey">
      <de.metaframe.jabc.framework.sib.parameter.ContextKey>
        <ContextKeyFoundation>
          <key>nameForFile</key>
          <scope>LOCAL</scope>
          <scopeMutable>true</scopeMutable>
        </ContextKeyFoundation>
      </de.metaframe.jabc.framework.sib.parameter.ContextKey>
    </parameter>
    <parameter name="file">
      <file>/Users/lamprecht</file>
    </parameter>
    <finalbranches>default</finalbranches>
    <finalbranches>error</finalbranches>
    <userobject key="ABC$START">
      <boolean>true</boolean>
    </userobject>
  </sib>
  <edge>
    <source>0fe4f8ff-6241-4fa6-ac63-cf842726920f</source>
    <target>fad0aaaf-5716-4b8f-bacf-76f9563be326</target>
    <point>140.33898305084745,69.0</point>
    <point>234.375,378.0</point>
    <labelposition>500.0,0.0</labelposition>
    <branch>default</branch>
    <userobject key="prophets.fillinbranch">
      <boolean>true</boolean>
    </userobject>
    <userobject key="prophets.branchformulas">
      <map>
        <entry>
          <string>default</string>
          <list>
            <de.jabc.plugin.prophets.lib.data.FormulaTemplateInstance>
              <templateName>module enforcement</templateName>
              <variableValues>
                <entry>
                  <string>v1</string>
                  <string>PTM_identification</string>
                </entry>
              </variableValues>
            </de.jabc.plugin.prophets.lib.data.FormulaTemplateInstance>
            <de.jabc.plugin.prophets.lib.data.FormulaTemplateInstance>
              <templateName>module dependency</templateName>
              <variableValues>
                <entry>
                  <string>v1</string>
                  <string>PTM_identification</string>
                </entry>
                <entry>
                  <string>v2</string>
                  <string>Validation_of_peptide-spectrum_matches</string>
                </entry>
              </variableValues>
            </de.jabc.plugin.prophets.lib.data.FormulaTemplateInstance>
            <de.jabc.plugin.prophets.lib.data.FormulaTemplateInstance>
              <templateName>module dependency</templateName>
              <variableValues>
                <entry>
                  <string>v1</string>
                  <string>Validation_of_peptide-spectrum_matches</string>
                </entry>
                <entry>
                  <string>v2</string>
                  <string>Peptide_database_search</string>
                </entry>
              </variableValues>
            </de.jabc.plugin.prophets.lib.data.FormulaTemplateInstance>
            <de.jabc.plugin.prophets.lib.data.FormulaTemplateInstance>
              <templateName>module redundancy avoidance</templateName>
              <variableValues>
                <entry>
                  <string>v1</string>
                  <string>Validation_of_peptide-spectrum_matches</string>
                </entry>
              </variableValues>
            </de.jabc.plugin.prophets.lib.data.FormulaTemplateInstance>
          </list>
        </entry>
      </map>
    </userobject>
  </edge>
  <sib>
    <id>fad0aaaf-5716-4b8f-bacf-76f9563be326</id>
    <name>Show_ProteinIdentification</name>
    <label>Show_ProteinIdentification</label>
    <sib-uid>biotoolsCompose/demo-sibs/Show_ProteinIdentification</sib-uid>
    <taxonomy>biotools.biotoolsCompose.poc.sib.Show_ProteinIdentification</taxonomy>
    <position>60.0,228.0</position>
    <parameter name="file">
      <de.metaframe.jabc.framework.sib.parameter.ContextKey>
        <ContextKeyFoundation>
          <key>path</key>
          <scope>LOCAL</scope>
          <scopeMutable>true</scopeMutable>
        </ContextKeyFoundation>
      </de.metaframe.jabc.framework.sib.parameter.ContextKey>
    </parameter>
    <finalbranches>default</finalbranches>
    <finalbranches>error</finalbranches>
  </sib>
  <values/>
</model>