<?xml version="1.0" encoding="ISO-8859-1"?>
<model version="2.1">
  <id>933f460d-51cb-4735-b4d4-0ffac9cf6e21</id>
  <name>Use Case #1</name>
  <changecounter>30</changecounter>
  <sib>
    <id>9db3e5fb-0c48-4f66-82b5-a1d34506072c</id>
    <name>Load_MSData_ThermoRAW</name>
    <label>Load_MSData_ThermoRAW</label>
    <sib-uid>biotoolsCompose/demo-sibs/Load_MSData_ThermoRAW</sib-uid>
    <taxonomy>biotools.biotoolsCompose.poc.sib.Load_MSData_ThermoRAW</taxonomy>
    <position>59.5,48.0</position>
    <parameter name="contextKey">
      <de.metaframe.jabc.framework.sib.parameter.ContextKey>
        <ContextKeyFoundation>
          <key>nameForFile</key>
          <scope>LOCAL</scope>
          <scopeMutable>true</scopeMutable>
        </ContextKeyFoundation>
      </de.metaframe.jabc.framework.sib.parameter.ContextKey>
    </parameter>
    <parameter name="file">
      <file>/Users/lamprecht</file>
    </parameter>
    <finalbranches>default</finalbranches>
    <finalbranches>error</finalbranches>
    <userobject key="ABC$START">
      <boolean>true</boolean>
    </userobject>
  </sib>
  <edge>
    <source>9db3e5fb-0c48-4f66-82b5-a1d34506072c</source>
    <target>77c67d8f-26ad-48ad-a251-86ecc87b8d64</target>
    <point>140.11363636363637,84.0</point>
    <point>204.5121951219512,303.0</point>
    <labelposition>491.2280701754386,2.0</labelposition>
    <branch>default</branch>
    <userobject key="prophets.fillinbranch">
      <boolean>true</boolean>
    </userobject>
    <userobject key="prophets.branchformulas">
      <map>
        <entry>
          <string>default</string>
          <list>
            <de.jabc.plugin.prophets.lib.data.FormulaTemplateInstance>
              <templateName>module enforcement</templateName>
              <variableValues>
                <entry>
                  <string>v1</string>
                  <string>Peptide_identification</string>
                </entry>
              </variableValues>
            </de.jabc.plugin.prophets.lib.data.FormulaTemplateInstance>
            <de.jabc.plugin.prophets.lib.data.FormulaTemplateInstance>
              <templateName>module enforcement</templateName>
              <variableValues>
                <entry>
                  <string>v1</string>
                  <string>Retention_time_prediction</string>
                </entry>
              </variableValues>
            </de.jabc.plugin.prophets.lib.data.FormulaTemplateInstance>
            <de.jabc.plugin.prophets.lib.data.FormulaTemplateInstance>
              <templateName>module enforcement</templateName>
              <variableValues>
                <entry>
                  <string>v1</string>
                  <string>Validation_of_peptide-spectrum_matches</string>
                </entry>
              </variableValues>
            </de.jabc.plugin.prophets.lib.data.FormulaTemplateInstance>
            <de.jabc.plugin.prophets.lib.data.FormulaTemplateInstance>
              <templateName>module dependency</templateName>
              <variableValues>
                <entry>
                  <string>v1</string>
                  <string>Validation</string>
                </entry>
                <entry>
                  <string>v2</string>
                  <string>Peptide_identification</string>
                </entry>
              </variableValues>
            </de.jabc.plugin.prophets.lib.data.FormulaTemplateInstance>
          </list>
        </entry>
      </map>
    </userobject>
  </edge>
  <sib>
    <id>77c67d8f-26ad-48ad-a251-86ecc87b8d64</id>
    <name>Show_AminoAcidIndex_hydropathy</name>
    <label>Show_AminoAcidIndex_hydropathy</label>
    <sib-uid>biotoolsCompose/demo-sibs/Show_AminoAcidIndex_hydropathy</sib-uid>
    <taxonomy>biotools.biotoolsCompose.poc.sib.Show_AminoAcidIndex_hydropathy</taxonomy>
    <position>35.5,183.0</position>
    <parameter name="file">
      <de.metaframe.jabc.framework.sib.parameter.ContextKey>
        <ContextKeyFoundation>
          <key>path</key>
          <scope>LOCAL</scope>
          <scopeMutable>true</scopeMutable>
        </ContextKeyFoundation>
      </de.metaframe.jabc.framework.sib.parameter.ContextKey>
    </parameter>
    <finalbranches>default</finalbranches>
    <finalbranches>error</finalbranches>
  </sib>
  <values/>
</model>